{
  "powerful": true,
  "dug": {
    "slept": {
      "why": -1326817439,
      "electricity": false,
      "program": 144489580.5468111,
      "dull": true,
      "same": -2083105204,
      "weight": -1484186020
    },
    "children": true,
    "language": -1086584619.5912428,
    "note": 1920098281.0005207,
    "palace": true,
    "putting": -2050629117
  },
  "tune": false,
  "meant": true,
  "verb": false,
  "around": false
}
